<?xml version="1.0" encoding="utf-8"?><feed xmlns="http://www.w3.org/2005/Atom" ><generator uri="https://jekyllrb.com/" version="4.2.2">Jekyll</generator><link href="https://github.com/thomjjames/appstrap-docs/feed.xml" rel="self" type="application/atom+xml" /><link href="https://github.com/thomjjames/appstrap-docs/" rel="alternate" type="text/html" /><updated>2024-09-26T10:42:12+02:00</updated><id>https://github.com/thomjjames/appstrap-docs/feed.xml</id><title type="html">AppStrap Docs</title><subtitle>AppStrap Bootstrap 5 Theme Documentation</subtitle><author><name>Themelize.me</name><email>info@themelize.me</email></author></feed>